1. 使用on duplicate key update插入数据时，插入数据方式不同时报错。

&#11093; 已解决，手滑打成中文符号

<details>
<summary>&#127808; 原数据 &#127808;</summary>
  
```sql
mysql> select * from login;
+----+---------+-----------+------------+
| id | user_id | client_id | date       |
+----+---------+-----------+------------+
|  1 |       2 |         1 | 2020-10-12 |
|  2 |       3 |         2 | 2020-10-12 |
|  3 |       1 |         2 | 2020-10-12 |
+----+---------+-----------+------------+
3 rows in set (0.01 sec)
```
</details>

<details>
<summary>&#127808; 报错 &#127808;</summary>
  
```sql
mysql> insert into login
    -> (id, user_id, client_id, date)
    -> values
    -> (1,2,1,'2020-10-12')，
    -> (2,3,2,'2020-10-12'),
    -> (3,2,2,'2020-10-13'),
    -> (4,2,2,'2020-10-13'),
    -> (5,4,1,'2020-10-13'),
    -> (6,1,2,'2020-10-13'),
    -> (7,1,2,'2020-10-14')
    -> on duplicate key
    -> update id = values(id), user_id = values(user_id), client_id = values(client_id), date = values(date);
ERROR 1064 (42000): You have an error in your SQL syntax; check the manual that corresponds to your MySQL server version for the right syntax to use near '，
(2,3,2,'2020-10-12'),
(3,2,2,'2020-10-13'),
(4,2,2,'2020-10-13'),
(5,4,1,'20' at line 4
```
</details>

<details>
<summary>&#127808; 成功 &#127808;</summary>
  
```sql
mysql> insert into login
    -> (id, user_id, client_id, date)
    -> values
    -> # (1,2,1,'2020-10-12')，
    -> (2,3,2,'2020-10-12'),
    -> (3,2,2,'2020-10-13'),
    -> (4,2,2,'2020-10-13'),
    -> (5,4,1,'2020-10-13'),
    -> (6,1,2,'2020-10-13'),
    -> (7,1,2,'2020-10-14')
    -> on duplicate key
    -> update id = values(id), user_id = values(user_id), client_id = values(client_id), date = values(date);
Query OK, 6 rows affected (0.01 sec)
Records: 6  Duplicates: 1  Warnings: 0
```
</details>



2. 多join——查看二者区别

<details>
<summary>&#127808; 错误答案 &#127808;</summary>
  
```sql
# 错误答案，使用pc登录，思考为何？
# +----------+------+------------+-----------+
# | u_n      | name | date       | client_id |
# +----------+------+------------+-----------+
# | fh       | pc   | 2020-10-13 |         1 |
# | wangchao | ios  | 2020-10-13 |         2 |
# +----------+------+------------+-----------+
# 2 rows in set (0.00 sec)

select u.name u_n, c.name, max(date) date, l.client_id
from login l 
join user_67 u on l.user_id = u.id
join client c on l.client_id = c.id
group by u_n
order by u_n asc;
```
</details>


<details>
<summary>&#127808; 正确答案 &#127808;</summary>
  
```sql
# 正确答案
select u.name u_n, c.name c_n, lo.date d
from login lo
join (
    select user_id, max(date) date
    from login group by user_id
    )t1 on lo.date = t1.date and lo.user_id = t1.user_id
join user u on u.id = lo.user_id
join client c on c.id = lo.client_id
order by u_n asc;
```
</details>
